{
  "label": "IXXI",
  "pair": [
    0,
    1
  ],
  "shots_per_job": 1000,
  "job_ids": [
    "8f38e187-7d88-11f1-abf7-24ee9a60c281",
    "d9a01da4-7d88-11f1-b4b5-24ee9a60c281",
    "238a6d8a-7d89-11f1-a3cd-24ee9a60c281",
    "6df889ca-7d89-11f1-8eaa-24ee9a60c281"
  ],
  "exact": {
    "real": -0.287634,
    "imag": -0.91729
  },
  "local_aer": {
    "real": -0.281079,
    "imag": -0.897009
  },
  "real_emulator": {
    "real": -0.254,
    "imag": -0.913
  },
  "local_err": 0.021314,
  "real_err": 0.033906,
  "local_vs_real_gap": 0.031448
}